Hash,ID,Class,Subclass,GTAMake,GTAModel,RWMake,RWModel,MaxSpeed,MaxKnots,Seats
,tenf,Sports,,,10F,,,,,
,tenf2,Sports,,,10F Widebody,,,,,
,r300,Sports,,,300R,,,,,
,drafter,Sports,,,8F Drafter,,,,,
,ninef,Sports,,,9F,,,,,
,ninef2,Sports,,,9F Cabrio,,,,,
,alpha,Sports,,,Alpha,,,,,
,zr380,Sports,,,Apocalypse ZR380,,,,,
,banshee,Sports,,,Banshee,,,,,
,bestiagts,Sports,,,Bestia GTS,,,,,
,blista2,Sports,,,Blista Compact,,,,,
,blista3,Sports,,,Blista Compact (Go Go Monkey),,,,,
,buffalo,Sports,,,Buffalo,Dodge,Charger LX,,,
,buffalo2,Sports,,,Buffalo S,Dodge,Charger SRT8,,,
,calico,Sports,,,Calico GTF,,,,,
,carbonizzare,Sports,,,Carbonizzare,,,,,
,comet2,Sports,,,Comet,,,,,
,comet3,Sports,,,Comet Retro Custom,,,,,
,comet4,Sports,,,Comet Safari,,,,,
,comet6,Sports,,,Comet S2,,,,,
,comet7,Sports,,,Comet S2 Cabrio,,,,,
,comet5,Sports,,,Comet SR,,,,,
,coquette,Sports,,,Coquette,,,,,
,coquette4,Sports,,,Coquette D10,,,,,
,corsita,Sports,,,Corsita,,,,,
,cypher,Sports,,,Cypher,,,,,
,tampa2,Sports,,,Drift Tampa,,,,,
,drifttampa,Sports,,,Drift Tampa (drift model),,,,,
,elegy2,Sports,,,Elegy RH8,,,,,
,elegy,Sports,,,Elegy Retro Custom,,,,,
,euros,Sports,,,Euros,,,,,
,drifteuros,Sports,,,Euros (drift model),,,,,
,feltzer2,Sports,,,Feltzer,,,,,
,flashgt,Sports,,,Flash GT,,,,,
,furoregt,Sports,,,Furore GT,,,,,
,fusilade,Sports,,,Fusilade,,,,,
,futo2,Sports,,,Futo GTX,,,,,
,driftfuto,Sports,,,Futo GTX (drift model),,,,,
,zr3802,Sports,,,Future Shock ZR380,,,,,
,futo,Sports,,,Futo,,,,,
,gb200,Sports,,,GB200,,,,,
,growler,Sports,,,Growler,,,,,
,everon2,Sports,,,Hotring Everon,,,,,
,gauntlet6,Sports,,,Hotring Hellfire,,,,,
,hotring,Sports,,,Hotring Sabre,,,,,
,imorgon,Sports,,,Imorgon,,,,,
,italigto,Sports,,,Itali GTO,,,,,
,stingertt,Sports,,,Itali GTO Stinger TT,,,,,
,italirsx,Sports,,,Itali RSX,,,,,
,issi7,Sports,,,Issi Sport,,,,,
,jester,Sports,,,Jester,,,,,
,jester2,Sports,,,Jester (Racecar),,,,,
,jester3,Sports,,,Jester Classic,,,,,
,jester4,Sports,,,Jester RR,,,,,
,driftjester,Sports,,,Jester RR (drift model),,,,,
,jugular,Sports,,,Jugular,,,,,
,khamelion,Sports,,,Khamelion,,,,,
,komoda,Sports,,,Komoda,,,,,
,kuruma,Sports,,,Kuruma,,,,,
,kuruma2,Sports,,,Kuruma (Armored),,,,,
,coureur,Sports,,,La Coureuse,,,,,
,locust,Sports,,,Locust,,,,,
,lynx,Sports,,,Lynx,,,,,
,massacro,Sports,,,Massacro,,,,,
,massacro2,Sports,,,Massacro (Racecar),,,,,
,neo,Sports,,,Neo,,,,,
,neon,Sports,,,Neon,,,,,
,zr3803,Sports,,,Nightmare ZR380,,,,,
,omnis,Sports,,,Omnis,,,,,
,omnisegt,Sports,,,Omnis e-GT,,,,,
,panthere,Sports,,,Panthere,,,,,
,paragon,Sports,,,Paragon R,,,,,
,paragon2,Sports,,,Paragon R (Armored),,,,,
,pariah,Sports,,,Pariah,,,,,
,penumbra,Sports,,,Penumbra,,,,,
,penumbra2,Sports,,,Penumbra FF,,,,,
,raiden,Sports,,,Raiden,,,,,
,rapidgt,Sports,,,Rapid GT,,,,,
,rapidgt2,Sports,,,Rapid GT (cabrio),,,,,
,raptor,Sports,,,Raptor,,,,,
,remus,Sports,,,Remus,,,,,
,driftremus,Sports,,,Remus (drift model),,,,,
,revolter,Sports,,,Revolter,,,,,
,rt3000,Sports,,,RT3000,,,,,
,ruston,Sports,,,Ruston,,,,,
,schafter4,Sports,,,Schafter LWB,,,,,
,schafter3,Sports,,,Schafter V12,,,,,
,schlagen,Sports,,,Schlagen GT,,,,,
,schwarzer,Sports,,,Schwartzer,,,,,
,sentinel3,Sports,,,Sentinel Classic,,,,,
,sentinel4,Sports,,,Sentinel Classic Widebody,,,,,
,seven70,Sports,,,Seven-70,,,,,
,sm722,Sports,,,SM722,,,,,
,specter,Sports,,,Specter,,,,,
,specter2,Sports,,,Specter Custom,,,,,
,buffalo3,Sports,,,Sprunk Buffalo,,Charger SRT8,,,
,streiter,Sports,,,Streiter,,,,,
,sugoi,Sports,,,Sugoi,,,,,
,sultan,Sports,,,Sultan,,,,,
,sultan2,Sports,,,Sultan Classic,,,,,
,sultan3,Sports,,,Sultan RS Classic,,,,,
,surano,Sports,,,Surano,,,,,
,s95,Sports,,,S95,,,,,
,tropos,Sports,,,Tropos Rallye,,,,,
,vectre,Sports,,,Vectre,,,,,
,veto,Sports,,,Veto Classic,,,,,
,veto2,Sports,,,Veto Modern,,,,,
,verlierer2,Sports,,,Verlierer,,,,,
,vstr,Sports,,,V-STR,,,,,
,zr350,Sports,,,ZR350,,,,,
,driftzr350,Sports,,,ZR350 (drift model),,,,,
,dominator4,Muscle,,,Apocalypse Dominator,,,,,
,impaler2,Muscle,,,Apocalypse Impaler,,,,,
,imperator,Muscle,,,Apocalypse Imperator,,,,,
,slamvan4,Muscle,,,Apocalypse Slamvan,,,,,
,arbitergt,Muscle,,,Arbiter GT,,,,,
,dukes3,Muscle,,,Beater Dukes,,,,,
,blade,Muscle,,,Blade,,,,,
,brigham,Muscle,,,Brigham,,,,,
,broadway,Muscle,,,Broadway,,,,,
,buccaneer,Muscle,,,Buccaneer,,,,,
,buccaneer2,Muscle,,,Buccaneer Custom,,,,,
,buffalo5,Muscle,,,Buffalo EVX,Dodge,Charger Daytona SRT,,,
,buffalo4,Muscle,,,Buffalo STX,Dodge,Charger LD,,,
,stalion2,Muscle,,,Burger Shot Stallion,,,,,
,chino,Muscle,,,Chino,,,,,
,chino2,Muscle,,,Chino Custom,,,,,
,clique,Muscle,,,Clique,,,,,
,clique2,Muscle,,,Clique Wagon,,,,,
,coquette3,Muscle,,,Coquette BlackFin,,,,,
,deviant,Muscle,,,Deviant,,,,,
,dominator,Muscle,,,Dominator,,,,,
,dominator7,Muscle,,,Dominator ASP,,,,,
,dominator9,Muscle,,,Dominator GT,,,,,
,dominator8,Muscle,,,Dominator GTT,,,,,
,dominator3,Muscle,,,Dominator GTX,,,,,
,yosemite2,Muscle,,,Drift Yosemite,,,,,
,driftyosemite,Muscle,,,Drift Yosemite (drift model),,,,,
,dukes2,Muscle,,,Duke O'Death,,,,,
,dukes,Muscle,,,Dukes,,,,,
,ellie,Muscle,,,Ellie,,,,,
,eudora,Muscle,,,Eudora,,,,,
,faction,Muscle,,,Faction,,,,,
,faction2,Muscle,,,Faction Custom,,,,,
,faction3,Muscle,,,Faction Custom Donk,,,,,
,dominator5,Muscle,,,Future Shock Dominator,,,,,
,impaler3,Muscle,,,Future Shock Impaler,,,,,
,imperator2,Muscle,,,Future Shock Imperator,,,,,
,slamvan5,Muscle,,,Future Shock Slamvan,,,,,
,gauntlet,Muscle,,,Gauntlet,,,,,
,gauntlet3,Muscle,,,Gauntlet Classic,,,,,
,gauntlet5,Muscle,,,Gauntlet Classic Custom,,,,,
,gauntlet4,Muscle,,,Gauntlet Hellfire,,,,,
,greenwood,Muscle,,,Greenwood,,,,,
,hermes,Muscle,,,Hermes,,,,,
,hotknife,Muscle,,,Hotknife,,,,,
,hustler,Muscle,,,Hustler,,,,,
,impaler,Muscle,,,Impaler,,,,,
,impaler6,Muscle,,,Impaler LX,,,,,
,slamvan2,Muscle,,,Lost Slamvan,,,,,
,lurcher,Muscle,,,Lurcher,,,,,
,manana2,Muscle,,,Manana Custom,,,,,
,moonbeam,Muscle,,,Moonbeam,,,,,
,moonbeam2,Muscle,,,Moonbeam Custom,,,,,
,dominator6,Muscle,,,Nightmare Dominator,,,,,
,impaler4,Muscle,,,Nightmare Impaler,,,,,
,imperator3,Muscle,,,Nightmare Imperator,,,,,
,slamvan6,Muscle,,,Nightmare Slamvan,,,,,
,nightshade,Muscle,,,Nightshade,,,,,
,peyote2,Muscle,,,Peyote Gasser,,,,,
,phoenix,Muscle,,,Phoenix,,,,,
,picador,Muscle,,,Picador,,,,,
,dominator2,Muscle,,,Pißwasser Dominator,,,,,
,ratloader,Muscle,,,Rat-Loader,,,,,
,ratloader2,Muscle,,,Rat-Truck,,,,,
,gauntlet2,Muscle,,,Redwood Gauntlet,,,,,
,ruiner,Muscle,,,Ruiner,,,,,
,ruiner3,Muscle,,,Ruiner (wreck),,,,,
,ruiner2,Muscle,,,Ruiner 2000,,,,,
,ruiner4,Muscle,,,Ruiner ZZ-8,,,,,
,sabregt,Muscle,,,Sabre Turbo,,,,,
,sabregt2,Muscle,,,Sabre Turbo Custom,,,,,
,slamvan,Muscle,,,Slamvan,,,,,
,slamvan3,Muscle,,,Slamvan Custom,,,,,
,stalion,Muscle,,,Stallion,,,,,
,tampa,Muscle,,,Tampa,,,,,
,tahoma,Muscle,,,Tahoma Coupe,,,,,
,tulip,Muscle,,,Tulip,,,,,
,tulip2,Muscle,,,Tulip M-100,,,,,
,vamos,Muscle,,,Vamos,,,,,
,vigero,Muscle,,,Vigero,,,,,
,vigero2,Muscle,,,Vigero ZX,,,,,
,vigero3,Muscle,,,Vigero ZX Convertible,,,,,
,virgo,Muscle,,,Virgo,,,,,
,virgo3,Muscle,,,Virgo Classic,,,,,
,virgo2,Muscle,,,Virgo Classic Custom,,,,,
,voodoo2,Muscle,,,Voodoo,,,,,
,voodoo,Muscle,,,Voodoo Custom,,,,,
,tampa3,Muscle,,,Weaponized Tampa,,,,,
,weevil2,Muscle,,,Weevil Custom,,,,,
,yosemite,Muscle,,,Yosemite,,,,,
,pfister811,Super,,,811,,,,,
,adder,Super,,,Adder,,,,,
,autarch,Super,,,Autarch,,,,,
,banshee2,Super,,,Banshee 900R,,,,,
,bullet,Super,,,Bullet,,,,,
,champion,Super,,,Champion,,,,,
,cheetah,Super,,,Cheetah,,,,,
,cyclone,Super,,,Cyclone,,,,,
,cyclone2,Super,,,Cyclone II,,,,,
,deveste,Super,,,Deveste Eight,,,,,
,emerus,Super,,,Emerus,,,,,
,entity3,Super,,,Entity MT,,,,,
,entityxf,Super,,,Entity XF,,,,,
,entity2,Super,,,Entity XXR,,,,,
,sheava,Super,,,ETR1,,,,,
,fmj,Super,,,FMJ,,,,,
,furia,Super,,,Furia,,,,,
,gp1,Super,,,GP1,,,,,
,ignus,Super,,,Ignus,,,,,
,infernus,Super,,,Infernus,,,,,
,italigtb,Super,,,Itali GTB,,,,,
,italigtb2,Super,,,Itali GTB Custom,,,,,
,krieger,Super,,,Krieger,,,,,
,lm87,Super,,,LM87,,,,,
,nero,Super,,,Nero,,,,,
,nero2,Super,,,Nero Custom,,,,,
,osiris,Super,,,Osiris,,,,,
,penetrator,Super,,,Penetrator,,,,,
,le7b,Super,,,RE-7B,,,,,
,reaper,Super,,,Reaper,,,,,
,voltic2,Super,,,Rocket Voltic,,,,,
,s80,Super,,,S80RR,,,,,
,sc1,Super,,,SC1,,,,,
,scramjet,Super,,,Scramjet,,,,,
,sultanrs,Super,,,Sultan RS,,,,,
,t20,Super,,,T20,,,,,
,taipan,Super,,,Taipan,,,,,
,tempesta,Super,,,Tempesta,,,,,
,tezeract,Super,,,Tezeract,,,,,
,thrax,Super,,,Thrax,,,,,
,tigon,Super,,,Tigon,,,,,
,torero2,Super,,,Torero XO,,,,,
,turismo3,Super,,,Turismo Omaggio,,,,,
,turismor,Super,,,Turismo R,,,,,
,tyrant,Super,,,Tyrant,,,,,
,tyrus,Super,,,Tyrus,,,,,
,vacca,Super,,,Vacca,,,,,
,vagner,Super,,,Vagner,,,,,
,vigilante,Super,,,Vigilante,,,,,
,virtue,Super,,,Virtue,,,,,
,visione,Super,,,Visione,,,,,
,voltic,Super,,,Voltic,,,,,
,ignus2,Super,,,Weaponized Ignus,,,,,
,xa21,Super,,,XA-21,,,,,
,prototipo,Super,,,X80 Proto,,,,,
,zeno,Super,,,Zeno,,,,,
,zentorno,Super,,,Zentorno,,,,,
,zorrusso,Super,,,Zorrusso,,,,,
,z190,Sports Classics,,,190z,,,,,
,ardent,Sports Classics,,,Ardent,,,,,
,casco,Sports Classics,,,Casco,,,,,
,cheburek,Sports Classics,,,Cheburek,,,,,
,cheetah2,Sports Classics,,,Cheetah Classic,,,,,
,coquette2,Sports Classics,,,Coquette Classic,,,,,
,deluxo,Sports Classics,,,Deluxo,,,,,
,dynasty,Sports Classics,,,Dynasty,,,,,
,fagaloa,Sports Classics,,,Fagaloa,,,,,
,btype2,Sports Classics,,,Fränken Stange,,,,,
,gt500,Sports Classics,,,GT500,,,,,
,infernus2,Sports Classics,,,Infernus Classic,,,,,
,jb700,Sports Classics,,,JB 700,,,,,
,jb7002,Sports Classics,,,JB 700W,,,,,
,mamba,Sports Classics,,,Mamba,,,,,
,manana,Sports Classics,,,Manana,,,,,
,michelli,Sports Classics,,,Michelli GT,,,,,
,monroe,Sports Classics,,,Monroe,,,,,
,nebula,Sports Classics,,,Nebula Turbo,,,,,
,peyote,Sports Classics,,,Peyote,,,,,
,peyote3,Sports Classics,,,Peyote Custom,,,,,
,pigalle,Sports Classics,,,Pigalle,,,,,
,rapidgt3,Sports Classics,,,Rapid GT Classic,,,,,
,retinue,Sports Classics,,,Retinue,,,,,
,retinue2,Sports Classics,,,Retinue Mk II,,,,,
,btype,Sports Classics,,,Roosevelt,,,,,
,btype3,Sports Classics,,,Roosevelt Valor,,,,,
,savestra,Sports Classics,,,Savestra,,,,,
,stinger,Sports Classics,,,Stinger,,,,,
,stingergt,Sports Classics,,,Stinger GT,,,,,
,feltzer3,Sports Classics,,,Stirling GT,,,,,
,stromberg,Sports Classics,,,Stromberg,,,,,
,swinger,Sports Classics,,,Swinger,,,,,
,toreador,Sports Classics,,,Toreador,,,,,
,torero,Sports Classics,,,Torero,,,,,
,tornado,Sports Classics,,,Tornado,,,,,
,tornado2,Sports Classics,,,Tornado (cabrio),,,,,
,tornado3,Sports Classics,,,Tornado (beater),,,,,
,tornado4,Sports Classics,,,Tornado (Mariachi),,,,,
,tornado5,Sports Classics,,,Tornado Custom,,,,,
,tornado6,Sports Classics,,,Tornado Rat Rod,,,,,
,turismo2,Sports Classics,,,Turismo Classic,,,,,
,viseris,Sports Classics,,,Viseris,,,,,
,zion3,Sports Classics,,,Zion Classic,,,,,
,ztype,Sports Classics,,,Z-Type,,,,,
,asea,Sedans,,,Asea,,,,,
,asea2,Sedans,,,Asea (snow),,,,,
,asterope,Sedans,,,Asterope,,,,,
,asterope2,Sedans,,,Asterope GZ,,,,,
,cinquemila,Sedans,,,Cinquemila,,,,,
,cognoscenti,Sedans,,,Cognoscenti,,,,,
,cognoscenti2,Sedans,,,Cognoscenti (Armored),,,,,
,cog55,Sedans,,,Cognoscenti 55,,,,,
,cog552,Sedans,,,Cognoscenti 55 (Armored),,,,,
,deity,Sedans,,,Deity,,,,,
,emperor,Sedans,,,Emperor,,,,,
,emperor2,Sedans,,,Emperor (beater),,,,,
,emperor3,Sedans,,,Emperor (snow),,,,,
,fugitive,Sedans,,,Fugitive,,,,,
,glendale,Sedans,,,Glendale,,,,,
,glendale2,Sedans,,,Glendale Custom,,,,,
,ingot,Sedans,,,Ingot,,,,,
,intruder,Sedans,,,Intruder,,,,,
,impaler5,Sedans,,,Impaler SZ,,,,,
,premier,Sedans,,,Premier,,,,,
,primo,Sedans,,,Primo,,,,,
,primo2,Sedans,,,Primo Custom,,,,,
,regina,Sedans,,,Regina,,,,,
,rhinehart,Sedans,,,Rhinehart,,,,,
,romero,Sedans,,,Romero Hearse,,,,,
,schafter2,Sedans,,,Schafter,,,,,
,schafter6,Sedans,,,Schafter LWB (Armored),,,,,
,schafter5,Sedans,,,Schafter V12 (Armored),,,,,
,stafford,Sedans,,,Stafford,,,,,
,stanier,Sedans,,,Stanier,,,,,
,stratum,Sedans,,,Stratum,,,,,
,stretch,Sedans,,,Stretch,,,,,
,superd,Sedans,,,Super Diamond,,,,,
,surge,Sedans,,,Surge,,,,,
,tailgater,Sedans,,,Tailgater,,,,,
,tailgater2,Sedans,,,Tailgater S,,,,,
,limo2,Sedans,,,Turreted Limo,,,,,
,warrener,Sedans,,,Warrener,,,,,
,warrener2,Sedans,,,Warrener HKR,,,,,
,washington,Sedans,,,Washington,,,,,
,aleutian,SUVs,,,Aleutian,,,,,
,astron,SUVs,,,Astron,,,,,
,astron2,SUVs,,,Astron Custom,,,,,
,baller,SUVs,,,Baller,,,,,
,baller2,SUVs,,,Baller (second generation),,,,,
,baller3,SUVs,,,Baller LE,,,,,
,baller5,SUVs,,,Baller LE (Armored),,,,,
,baller4,SUVs,,,Baller LE LWB,,,,,
,baller6,SUVs,,,Baller LE LWB (Armored),,,,,
,baller7,SUVs,,,Baller ST,,,,,
,baller8,SUVs,,,Baller ST-D,,,,,
,bjxl,SUVs,,,BeeJay XL,,,,,
,cavalcade,SUVs,,,Cavalcade,,,,,
,cavalcade2,SUVs,,,Cavalcade (second generation),,,,,
,cavalcade3,SUVs,,,Cavalcade XL,,,,,
,contender,SUVs,,,Contender,,,,,
,dubsta,SUVs,,,Dubsta,,,,,
,dubsta2,SUVs,,,Dubsta (custom),,,,,
,fq2,SUVs,,,FQ 2,,,,,
,granger,SUVs,,,Granger,,,,,
,granger2,SUVs,,,Granger 3600LX,,,,,
,gresley,SUVs,,,Gresley,,,,,
,habanero,SUVs,,,Habanero,,,,,
,huntley,SUVs,,,Huntley S,,,,,
,issi8,SUVs,,,Issi Rally,,,,,
,iwagen,SUVs,,,I-Wagen,,,,,
,jubilee,SUVs,,,Jubilee,,,,,
,landstalker,SUVs,,,Landstalker,,,,,
,landstalker2,SUVs,,,Landstalker XL,,,,,
,mesa,SUVs,,,Mesa,,,,,
,mesa2,SUVs,,,Mesa (Snow),,,,,
,novak,SUVs,,,Novak,,,,,
,patriot,SUVs,,,Patriot,,,,,
,patriot2,SUVs,,,Patriot Stretch,,,,,
,radi,SUVs,,,Radius,,,,,
,rebla,SUVs,,,Rebla GTS,,,,,
,rocoto,SUVs,,,Rocoto,,,,,
,seminole,SUVs,,,Seminole,,,,,
,seminole2,SUVs,,,Seminole Frontier,,,,,
,serrano,SUVs,,,Serrano,,,,,
,squaddie,SUVs,,,Squaddie,,,,,
,toros,SUVs,,,Toros,,,,,
,vivanite,SUVs,,,Vivanite,,,,,
,xls,SUVs,,,XLS,,,,,
,xls2,SUVs,,,XLS (Armored),,,,,
,issi4,Compacts,,,Apocalypse Issi,,,,,
,asbo,Compacts,,,Asbo,,,,,
,blista,Compacts,,,Blista,,,,,
,kanjo,Compacts,,,Blista Kanjo,,,,,
,brioso2,Compacts,,,Brioso 300,,,,,
,brioso3,Compacts,,,Brioso 300 Widebody,,,,,
,brioso,Compacts,,,Brioso R/A,,,,,
,club,Compacts,,,Club,,,,,
,dilettante,Compacts,,,Dilettante,,,,,
,dilettante2,Compacts,,,Dilettante (Merryweather Security),,,,,
,dorado,Compacts,,,Dorado,,,,,
,issi5,Compacts,,,Future Shock Issi,,,,,
,issi2,Compacts,,,Issi,,,,,
,issi3,Compacts,,,Issi Classic,,,,,
,issi6,Compacts,,,Nightmare Issi,,,,,
,panto,Compacts,,,Panto,,,,,
,prairie,Compacts,,,Prairie,,,,,
,rhapsody,Compacts,,,Rhapsody,,,,,
,weevil,Compacts,,,Weevil,,,,,
,cogcabrio,Coupes,,,Cognoscenti Cabrio,,,,,
,exemplar,Coupes,,,Exemplar,,,,,
,f620,Coupes,,,F620,,,,,
,felon,Coupes,,,Felon,,,,,
,felon2,Coupes,,,Felon GT,,,,,
,fr36,Coupes,,,FR36,,,,,
,driftfr36,Coupes,,,FR36 (drift model),,,,,
,jackal,Coupes,,,Jackal,,,,,
,kanjosj,Coupes,,,Kanjo SJ,,,,,
,oracle2,Coupes,,,Oracle,,,,,
,oracle,Coupes,,,Oracle XS,,,,,
,previon,Coupes,,,Previon,,,,,
,postlude,Coupes,,,Postlude,,,,,
,sentinel2,Coupes,,,Sentinel,,,,,
,sentinel,Coupes,,,Sentinel XS,,,,,
,windsor,Coupes,,,Windsor,,,,,
,windsor2,Coupes,,,Windsor Drop,,,,,
,zion,Coupes,,,Zion,,,,,
,zion2,Coupes,,,Zion Cabrio,,,,,
,akuma,Motorcycles,,,Akuma,,,,,
,deathbike,Motorcycles,,,Apocalypse Deathbike,,,,,
,avarus,Motorcycles,,,Avarus,,,,,
,bagger,Motorcycles,,,Bagger,,,,,
,bati,Motorcycles,,,Bati 801,,,,,
,bati2,Motorcycles,,,Bati 801RR,,,,,
,bf400,Motorcycles,,,BF400,,,,,
,carbonrs,Motorcycles,,,Carbon RS,,,,,
,chimera,Motorcycles,,,Chimera,,,,,
,cliffhanger,Motorcycles,,,Cliffhanger,,,,,
,daemon,Motorcycles,,,Daemon,,,,,
,daemon2,Motorcycles,,,Daemon (custom),,,,,
,defiler,Motorcycles,,,Defiler,,,,,
,diablous,Motorcycles,,,Diabolus,,,,,
,diablous2,Motorcycles,,,Diabolus Custom,,,,,
,double,Motorcycles,,,Double T,,,,,
,enduro,Motorcycles,,,Enduro,,,,,
,esskey,Motorcycles,,,Esskey,,,,,
,faggio2,Motorcycles,,,Faggio,,,,,
,faggio3,Motorcycles,,,Faggio Mod,,,,,
,faggio,Motorcycles,,,Faggio Sport,,,,,
,fcr,Motorcycles,,,FCR 1000,,,,,
,fcr2,Motorcycles,,,FCR 1000 Custom,,,,,
,deathbike2,Motorcycles,,,Future Shock Deathbike,,,,,
,gargoyle,Motorcycles,,,Gargoyle,,,,,
,hakuchou,Motorcycles,,,Hakuchou,,,,,
,hakuchou2,Motorcycles,,,Hakuchou Drag,,,,,
,hexer,Motorcycles,,,Hexer,,,,,
,innovation,Motorcycles,,,Innovation,,,,,
,lectro,Motorcycles,,,Lectro,,,,,
,manchez,Motorcycles,,,Manchez,,,,,
,manchez2,Motorcycles,,,Manchez Scout,,,,,
,manchez3,Motorcycles,,,Manchez Scout C,,,,,
,nemesis,Motorcycles,,,Nemesis,,,,,
,nightblade,Motorcycles,,,Nightblade,,,,,
,deathbike3,Motorcycles,,,Nightmare Deathbike,,,,,
,oppressor,Motorcycles,,,Oppressor,,,,,
,oppressor2,Motorcycles,,,Oppressor Mk II,,,,,
,pcj,Motorcycles,,,PCJ 600,,,,,
,powersurge,Motorcycles,,,Powersurge,,,,,
,rrocket,Motorcycles,,,Rampant Rocket,,,,,
,ratbike,Motorcycles,,,Rat Bike,,,,,
,reever,Motorcycles,,,Reever,,,,,
,ruffian,Motorcycles,,,Ruffian,,,,,
,sanchez2,Motorcycles,,,Sanchez,,,,,
,sanchez,Motorcycles,,,Sanchez (livery),,,,,
,sanctus,Motorcycles,,,Sanctus,,,,,
,shinobi,Motorcycles,,,Shinobi,,,,,
,shotaro,Motorcycles,,,Shotaro,,,,,
,sovereign,Motorcycles,,,Sovereign,,,,,
,stryder,Motorcycles,,,Stryder,,,,,
,thrust,Motorcycles,,,Thrust,,,,,
,vader,Motorcycles,,,Vader,,,,,
,vindicator,Motorcycles,,,Vindicator,,,,,
,vortex,Motorcycles,,,Vortex,,,,,
,wolfsbane,Motorcycles,,,Wolfsbane,,,,,
,zombiea,Motorcycles,,,Zombie Bobber,,,,,
,zombieb,Motorcycles,,,Zombie Chopper,,,,,
,bruiser,Off-Road,,,Apocalypse Bruiser,,,,,
,brutus,Off-Road,,,Apocalypse Brutus,,,,,
,monster3,Off-Road,,,Apocalypse Sasquatch,,,,,
,bifta,Off-Road,,,Bifta,,,,,
,blazer,Off-Road,,,Blazer,,,,,
,blazer5,Off-Road,,,Blazer Aqua,,,,,
,blazer2,Off-Road,,,Blazer Lifeguard,,,,,
,bodhi2,Off-Road,,,Bodhi,,,,,
,boor,Off-Road,,,Boor,,,,,
,brawler,Off-Road,,,Brawler,,,,,
,caracara,Off-Road,,,Caracara,,,,,
,caracara2,Off-Road,,,Caracara 4x4,,,,,
,trophytruck2,Off-Road,,,Desert Raid,,,,,
,draugur,Off-Road,,,Draugur,,,,,
,dubsta3,Off-Road,,,Dubsta 6x6,,,,,
,dune,Off-Road,,,Dune Buggy,,,,,
,dune3,Off-Road,,,Dune FAV,,,,,
,dloader,Off-Road,,,Duneloader,,,,,
,everon,Off-Road,,,Everon,,,,,
,freecrawler,Off-Road,,,Freecrawler,,,,,
,bruiser2,Off-Road,,,Future Shock Bruiser,,,,,
,brutus2,Off-Road,,,Future Shock Brutus,,,,,
,monster4,Off-Road,,,Future Shock Sasquatch,,,,,
,hellion,Off-Road,,,Hellion,,,,,
,blazer3,Off-Road,,,Hot Rod Blazer,,,,,
,bfinjection,Off-Road,,,Injection,,,,,
,insurgent2,Off-Road,,,Insurgent,,,,,
,insurgent,Off-Road,,,Insurgent Pick-Up,,,,,
,insurgent3,Off-Road,,,Insurgent Pick-Up Custom,,,,,
,kalahari,Off-Road,,,Kalahari,,,,,
,kamacho,Off-Road,,,Kamacho,,,,,
,marshall,Off-Road,,,Marshall,,,,,
,menacer,Off-Road,,,Menacer,,,,,
,mesa3,Off-Road,,,Mesa (off-road),,,,,
,monstrociti,Off-Road,,,MonstroCiti,,,,,
,bruiser3,Off-Road,,,Nightmare Bruiser,,,,,
,brutus3,Off-Road,,,Nightmare Brutus,,,,,
,monster5,Off-Road,,,Nightmare Sasquatch,,,,,
,nightshark,Off-Road,,,Nightshark,,,,,
,outlaw,Off-Road,,,Outlaw,,,,,
,patriot3,Off-Road,,,Patriot Mil-Spec,,,,,
,dune4,Off-Road,,,Ramp Buggy,,,,,
,dune5,Off-Road,,,Ramp Buggy (Spoilerless),,,,,
,rancherxl,Off-Road,,,Rancher XL,,,,,
,rancherxl2,Off-Road,,,Rancher XL (Snow),,,,,
,ratel,Off-Road,,,Ratel,,,,,
,rcbandito,Off-Road,,,RC Bandito,,,,,
,rebel2,Off-Road,,,Rebel,,,,,
,riata,Off-Road,,,Riata,,,,,
,rebel,Off-Road,,,Rusty Rebel,,,,,
,sandking2,Off-Road,,,Sandking SWB,,,,,
,sandking,Off-Road,,,Sandking XL,,,,,
,dune2,Off-Road,,,Space Docker,,,,,
,blazer4,Off-Road,,,Street Blazer,,,,,
,technical,Off-Road,,,Technical,,,,,
,technical2,Off-Road,,,Technical Aqua,,,,,
,technical3,Off-Road,,,Technical Custom,,,,,
,terminus,Off-Road,,,Terminus,,,,,
,monster,Off-Road,,,Liberator,,,,,
,trophytruck,Off-Road,,,Trophy Truck,,,,,
,winky,Off-Road,,,Winky,,,,,
,vagrant,Off-Road,,,Vagrant,,,,,
,verus,Off-Road,,,Verus,,,,,
,l35,Off-Road,,,Walton L35,,,,,
,yosemite3,Off-Road,,,Yosemite Rancher,,,,,
,zhaba,Off-Road,,,Zhaba,,,,,
,openwheel1,Open Wheel,,,BR8,,,,,
,openwheel2,Open Wheel,,,DR1,,,,,
,formula,Open Wheel,,,PR4,,,,,
,formula2,Open Wheel,,,R88,,,,,
,bmx,Cycles,,,BMX,,,,,
,cruiser,Cycles,,,Cruiser,,,,,
,tribike2,Cycles,,,Endurex Race Bike,,,,,
,inductor,Cycles,,,Inductor,,,,,
,inductor2,Cycles,,,Junk Energy Inductor,,,,,
,scorcher,Cycles,,,Scorcher,,,,,
,tribike3,Cycles,,,Tri-Cycles Race Bike,,,,,
,tribike,Cycles,,,Whippet Race Bike,,,,,
,fixter,Cycles,,,Fixter,,,,,
,boxville5,Vans,,,Armored Boxville,,,,,
,bison,Vans,,,Bison,,,,,
,bison2,Vans,,,Bison (McGill-Olsen),,,,,
,bison3,Vans,,,Bison (The Mighty Bush),,,,,
,bobcatxl,Vans,,,Bobcat XL,,,,,
,boxville2,Vans,,,Boxville,,,,,
,boxville3,Vans,,,Boxville (Humane Labs),,,,,
,boxville6,Vans,,,Boxville (LSDS),,,,,
,boxville4,Vans,,,Boxville (Post OP),,,,,
,boxville,Vans,,,Boxville (utility),,,,,
,burrito,Vans,,,Burrito,,,,,
,burrito3,Vans,,,Burrito (second generation),,,,,
,burrito4,Vans,,,Burrito (McGill-Olsen),,,,,
,burrito5,Vans,,,Burrito (snow),,,,,
,burrito2,Vans,,,Bugstars Burrito,,,,,
,camper,Vans,,,Camper,,,,,
,speedo2,Vans,,,Clown Van,,,,,
,gburrito,Vans,,,Gang Burrito,,,,,
,gburrito2,Vans,,,Gang Burrito (custom),,,,,
,journey,Vans,,,Journey,,,,,
,journey2,Vans,,,Journey II,,,,,
,minivan,Vans,,,Minivan,,,,,
,minivan2,Vans,,,Minivan Custom,,,,,
,paradise,Vans,,,Paradise,,,,,
,pony,Vans,,,Pony,,,,,
,pony2,Vans,,,Pony (Smoke on the Water),,,,,
,rumpo,Vans,,,Rumpo,,,,,
,rumpo2,Vans,,,Rumpo (Deludamol),,,,,
,rumpo3,Vans,,,Rumpo Custom,,,,,
,speedo,Vans,,,Speedo,,,,,
,speedo4,Vans,,,Speedo Custom,,,,,
,speedo5,Vans,,,Speedo Custom (Personal Vehicle),,,,,
,surfer,Vans,,,Surfer,,,,,
,surfer2,Vans,,,Surfer (beater),,,,,
,surfer3,Vans,,,Surfer Custom,,,,,
,taco,Vans,,,Taco Van,,,,,
,youga,Vans,,,Youga,,,,,
,youga2,Vans,,,Youga Classic,,,,,
,youga3,Vans,,,Youga Classic 4x4,,,,,
,youga4,Vans,,,Youga Custom,,,,,
,airtug,Utilities,,,Airtug,,,,,
,caddy,Utilities,,,Caddy,,,,,
,caddy2,Utilities,,,Caddy (civilian),,,,,
,caddy3,Utilities,,,Caddy (bunker),,,,,
,docktug,Utilities,,,Docktug,,,,,
,tractor2,Utilities,,,Fieldmaster,,,,,
,tractor3,Utilities,,,Fieldmaster (Snow),,,,,
,forklift,Utilities,,,Forklift,,,,,
,mower,Utilities,,,Lawn Mower,,,,,
,ripley,Utilities,,,Ripley,,,,,
,sadler,Utilities,,,Sadler,,,,,
,sadler2,Utilities,,,Sadler (snow),,,,,
,scrap,Utilities,,,Scrap Truck,,,,,
,slamtruck,Utilities,,,Slamtruck,,,,,
,towtruck,Utilities,,,Tow Truck,,,,,
,towtruck2,Utilities,,,Tow Truck (yankee),,,,,
,towtruck3,Utilities,,,Tow Truck (Chop Shop beater),,,,,
,towtruck4,Utilities,,,Tow Truck (Chop Shop clean),,,,,
,tractor,Utilities,,,Tractor,,,,,
,utillitruck2,Utilities,,,Utility Truck,,,,,
,utillitruck,Utilities,,,Utility Truck (AWP),,,,,
,utillitruck3,Utilities,,,Utility Truck (Contender-based),,,,,
,armytanker,Trailers,,,Army Trailer (tanker),,,,,
,armytrailer,Trailers,,,Army Trailer,,,,,
,armytrailer2,Trailers,,,Army Trailer (cutter),,,,,
,boattrailer,Trailers,,,Boat Trailer,,,,,
,boattrailer2,Trailers,,,Boat Trailer (Dinghy),,,,,
,boattrailer3,Trailers,,,Boat Trailer (Seasharks),,,,,
,docktrailer,Trailers,,,Dock Trailer,,,,,
,trailerlarge,Trailers,,,Mobile Operations Center,,,,,
,tr2,Trailers,,,"Trailer (car carrier, empty)",,,,,
,tr3,Trailers,,,Trailer (yacht),,,,,
,tr4,Trailers,,,"Trailer (car carrier, full)",,,,,
,trflat,Trailers,,,Trailer (flatbed),,,,,
,trailerlogs,Trailers,,,Trailer (flatbed; logs),,,,,
,trailers,Trailers,,,Trailer (container/curtain-side),,,,,
,trailers4,Trailers,,,Trailer (Gunrunning container),,,,,
,trailers2,Trailers,,,Trailer (box),,,,,
,trailers3,Trailers,,,Trailer (ramp-door box),,,,,
,tvtrailer,Trailers,,,Trailer (Fame or Shame),,,,,
,tvtrailer2,Trailers,,,Trailer (LS Panic),,,,,
,trailers5,Trailers,,,Trailer (Happy Holidays),,,,,
,raketrailer,Trailers,,,Trailer (rake),,,,,
,trailersmall,Trailers,,,Trailer (small),,,,,
,tanker,Trailers,,,Trailer (tanker; RON),,,,,
,tanker2,Trailers,,,Trailer (tanker; heist),,,,,
,baletrailer,Trailers,,,Bale Trailer,,,,,
,graintrailer,Trailers,,,Grain Trailer,,,,,
,handler,Industrial,,,Dock Handler,,,,,
,bulldozer,Industrial,,,Dozer,,,,,
,dump,Industrial,,,Dump,,,,,
,flatbed,Industrial,,,Flatbed,,,,,
,guardian,Industrial,,,Guardian,,,,,
,mixer,Industrial,,,Mixer (3-axle),,,,,
,mixer2,Industrial,,,Mixer (4-axle),,,,,
,rubble,Industrial,,,Rubble,,,,,
,tiptruck,Industrial,,,Tipper (2-axle),,,,,
,tiptruck2,Industrial,,,Tipper (3-axle),,,,,
,cutter,Industrial,,,Cutter,,,,,
,airbus,Service,,,Airport Bus,,,,,
,brickade,Service,,,Brickade,,,,,
,brickade2,Service,,,Brickade 6x6,,,,,
,bus,Service,,,Bus,,,,,
,coach,Service,,,Dashound,,,,,
,rallytruck,Service,,,Dune,,,,,
,pbus2,Service,,,Festival Bus,,,,,
,rentalbus,Service,,,Rental Shuttle Bus,,,,,
,taxi,Service,,,Taxi,,,,,
,tourbus,Service,,,Tour Bus,,,,,
,trash,Service,,,Trashmaster,,,,,
,trash2,Service,,,Trashmaster (heist),,,,,
,wastelander,Service,,,Wastelander,,,,,
,cerberus,Commercial,,,Apocalypse Cerberus,,,,,
,benson,Commercial,,,Benson,,,,,
,benson2,Commercial,,,Benson (Cluckin' Bell),,,,,
,biff,Commercial,,,Biff,,,,,
,cerberus2,Commercial,,,Future Shock Cerberus,,,,,
,hauler,Commercial,,,Hauler,,,,,
,hauler2,Commercial,,,Hauler Custom,,,,,
,mule,Commercial,,,Mule,,,,,
,mule2,Commercial,,,Mule (ramp-door),,,,,
,mule3,Commercial,,,Mule (heist),,,,,
,mule5,Commercial,,,Mule (Short Trips),,,,,
,mule4,Commercial,,,Mule Custom,,,,,
,cerberus3,Commercial,,,Nightmare Cerberus,,,,,
,packer,Commercial,,,Packer,,,,,
,phantom,Commercial,,,Phantom,,,,,
,phantom4,Commercial,,,Phantom (Happy Holidays),,,,,
,phantom3,Commercial,,,Phantom Custom,,,,,
,phantom2,Commercial,,,Phantom Wedge,,,,,
,pounder,Commercial,,,Pounder,,,,,
,pounder2,Commercial,,,Pounder Custom,,,,,
,stockade,Commercial,,,Stockade,,,,,
,stockade3,Commerical,,,Stockade (Snow),,,,,
,terbyte,Commercial,,,Terrorbyte,,,,,
,ambulance,Emergency,,,Ambulance,,,,,
,fbi,Emergency,,,FIB (Buffalo),,,,,
,fbi2,Emergency,,,FIB (Granger),,,,,
,firetruk,Emergency,,,Fire Truck,,,,,
,polgauntlet,Emergency,,,Gauntlet Interceptor,,,,,
,pranger,Emergency,,,Park Ranger,,,,,
,lguard,Emergency,,,Lifeguard,,,,,
,policeb,Emergency,,,Police Bike,,,,,
,police3,Emergency,,,Police Cruiser (interceptor),,,,,
,police,Emergency,,,Police Cruiser,,,,,
,police2,Emergency,,,Police Cruiser (Buffalo),,,,,
,polmav,Emergency,,,Police Maverick,,,,,
,riot,Emergency,,,Police Riot,,,,,
,policet,Emergency,,,Police Transporter,,,,,
,pbus,Emergency,,,Police Prison Bus,,,,,
,predator,Emergency,,,Police Predator,,,,,
,riot2,Emergency,,,RCV,,,,,
,sheriff,Emergency,,,Sheriff Cruiser,,,,,
,sheriff2,Emergency,,,Sheriff SUV,,,,,
,police5,Emergency,,,Stanier LE Cruiser,,,,,
,police4,Emergency,,,Unmarked Cruiser,,,,,
,policeold1,Emergency,,,Police Rancher (Snow),,,,,
,policeold2,Emergency,,,Police Roadcruiser (Snow),,,,,
,trailersmall2,Military,,,Anti-Aircraft Trailer,,,,,
,scarab,Military,,,Apocalypse Scarab,,,,,
,apc,Military,,,APC,,,,,
,barracks,Military,,,Barracks,,,,,
,barracks3,Military,,,Barracks (heist),,,,,
,barracks2,Military,,,Barracks Semi,,,,,
,barrage,Military,,,Barrage,,,,,
,chernobog,Military,,,Chernobog,,,,,
,crusader,Military,,,Crusader,,,,,
,scarab2,Military,,,Future Shock Scarab,,,,,
,halftrack,Military,,,Half-track,,,,,
,minitank,Military,,,Invade and Persuade Tank,,,,,
,scarab3,Military,,,Nightmare Scarab,,,,,
,rhino,Military,,,Rhino Tank,,,,,
,thruster,Military,,,Thruster,,,,,
,khanjali,Military,,,TM-02 Khanjali,,,,,
,vetir,Military,,,Vetir,,,,,
,avisa,Boats,Submarine,,Avisa,,,,,
,dinghy,Boats,Boat,,Dinghy,,,,,
,dinghy2,Boats,Boat,,Dinghy (2-seater),,,,,
,dinghy3,Boats,Boat,,Dinghy (heist),,,,,
,dinghy4,Boats,Boat,,Dinghy (yacht),,,,,
,jetmax,Boats,Boat,,Jetmax,,,,,
,kosatka,Boats,Submarine,,Kosatka,,,,,
,submersible2,Boats,Submarine,,Kraken,,,,,
,patrolboat,Boats,Boat,,Kurtz 31 Patrol Boat,,,,,
,longfin,Boats,Boat,,Longfin,,,,,
,marquis,Boats,Boat,,Marquis,,,,,
,seashark,Boats,Jetski,,Seashark,,,,,
,seashark2,Boats,Jetski,,Seashark (lifeguard),,,,,
,seashark3,Boats,Jetski,,Seashark (yacht),,,,,
,speeder,Boats,Boat,,Speeder,,,,,
,speeder2,Boats,Boat,,Speeder (yacht),,,,,
,squalo,Boats,Boat,,Squalo,,,,,
,submersible,Boats,Submarine,,Submersible,,,,,
,suntrap,Boats,Boat,,Suntrap,,,,,
,toro,Boats,Boat,,Toro,,,,,
,toro2,Boats,Boat,,Toro (yacht),,,,,
,tropic,Boats,Boat,,Tropic,,,,,
,tropic2,Boats,Boat,,Tropic (yacht),,,,,
,tug,Boats,Boat,,Tug,,,,,
,dinghy5,Boats,Boat,,Weaponized Dinghy,,,,,
,alphaz1,Planes,,,Alpha-Z1,,,,,
,avenger,Planes,,,Avenger,,,,,
,avenger2,Planes,,,Avenger (prop),,,,,
,avenger3,Planes,,,Avenger (upgraded),,,,,
,avenger4,Planes,,,Avenger (upgraded prop),,,,,
,strikeforce,Planes,,,B-11 Strikeforce,,,,,
,besra,Planes,,,Besra,,,,,
,blimp,Planes,Blimp,,Atomic Blimp,,,,,
,blimp2,Planes,Blimp,,Xero Blimp,,,,,
,blimp3,Planes,Blimp,,Blimp,,,,,
,cargoplane,Planes,,,Cargo Plane,,,,,
,cargoplane2,Planes,,,Cargo Plane (no decals),,,,,
,cuban800,Planes,,,Cuban 800,Cessna,310,,,
,dodo,Planes,,,Dodo,,,,,
,duster,Planes,,,Duster,,,,,
,raiju,Planes,,,F-160 Raiju,Lockheed Martin,F-35 Lightning II,,,
,howard,Planes,,,Howard NX-25,,,,,
,hydra,Planes,,,Hydra,McDonnell Douglas,AV-8B Harrier II,,,
,jet,Planes,Passenger Jet,,Jet,Boeing,757-800,,,
,starling,Planes,,,LF-22 Starling,,,,,
,luxor,Planes,Passenger Jet,,Luxor,Bombardier,Learjet 45,,,
,luxor2,Planes,Passenger Jet,,Luxor Deluxe,Bombardier,Learjet 45,,,
,stunt,Planes,,,Mallard,,,,,
,mammatus,Planes,,,Mammatus,,,,,
,miljet,Planes,Passenger Jet,,Miljet,Northrop Grumman,E-11A,,,
,mogul,Planes,,,Mogul,,,,,
,nimbus,Planes,Passenger Jet,,Nimbus,Cessna,Citation X,,,
,nokota,Planes,,,P-45 Nokota,,,,,
,lazer,Planes,,,P-996 LAZER,Lockheed Martin,F-16C Fighting Falcon,,,
,pyro,Planes,,,Pyro,,,,,
,bombushka,Planes,,,RM-10 Bombushka,,,,,
,alkonost,Planes,,,RO-86 Alkonost,Tupolev,Tu-160,,,
,rogue,Planes,,,Rogue,Beechcraft,T-6 Texan II,,,
,seabreeze,Planes,,,Seabreeze,,,,,
,shamal,Planes,Passenger Jet,,Shamal,Cessna,CitationJet,,,
,streamer216,Planes,,,Streamer216,de Havilland Canada,DHC-6 Twin Otter,,,
,titan,Planes,,,Titan,Lockheed Martin,C-130 Hercules,,,
,tula,Planes,,,Tula,Kaman,K-16B,,,
,microlight,Planes,,,Ultralight,Air Creation,Racer,,,
,molotok,Planes,,,V-65 Molotok,Mikoyan-Gurevich,MiG-17,,,
,velum,Planes,,,Velum,Piper,PA-46,,,
,velum2,Planes,,,Velum 5-Seater,Piper,PA-46,,,
,vestra,Planes,,,Vestra,Cirrus,Vision SF50,,,
,volatol,Planes,,,Volatol,Avro,Vulcan,,,
,akula,Helicopter,,,Akula,Sikorsky,RAH-66 Comanche,,,
,annihilator,Helicopter,,,Annihilator,Sikorsky,UH-60 Black Hawk,,,
,annihilator2,Helicopter,,,Annihilator Stealth,Sikorsky,UH-60 Black Hawk,,,
,buzzard2,Helicopter,,,Buzzard,McDonnell Douglas,MH-6 Little Bird,,,
,buzzard,Helicopter,,,Buzzard Attack Chopper,Boeing,AH-6,,,
,cargobob,Helicopter,,,Cargobob,Boeing,CH-46 Sea Knight,,,
,cargobob3,Helicopter,,,Cargobob (TPE),Boeing,CH-46 Sea Knight,,,
,cargobob2,Helicopter,,,Cargobob (Jetsam),Boeing,CH-46 Sea Knight,,,
,cargobob4,Helicopter,,,Cargobob (Drop Zone),Boeing,CH-46 Sea Knight,,,
,conada,Helicopter,,,Conada,McDonnell Douglas,MD Explorer,,,
,hunter,Helicopter,,,FH-1 Hunter,Boeing,AH-64 Apache,,,
,frogger,Helicopter,,,Frogger,Eurocopter,EC130,,,
,frogger2,Helicopter,,,Frogger (TPE),Eurocopter,EC130,,,
,havok,Helicopter,,,Havok,Heli-Sport,CH-7,,,
,maverick,Helicopter,,,Maverick,Bell,407,,,
,savage,Helicopter,,,Savage,Mil,Mi-24,,,
,seasparrow,Helicopter,,,Sea Sparrow,Sikorsky,S300 ,,,
,skylift,Helicopter,,,Skylift,Sikorsky,S-64 Skycrane,,,
,seasparrow2,Helicopter,,,Sparrow,Sikorsky,S300 ,,,
,seasparrow3,Helicopter,,,Sparrow (prop),Sikorsky,S300 ,,,
,supervolito,Helicopter,,,SuperVolito,Eurocopter,EC145,,,
,supervolito2,Helicopter,,,SuperVolito Carbon,Eurocopter,EC145,,,
,swift,Helicopter,,,Swift,AugustaWestland,AW109S Grand,,,
,swift2,Helicopter,,,Swift Deluxe,AugustaWestland,AW109S Grand,,,
,valkyrie,Helicopter,,,Valkyrie,Bell,UH-1Y Venom,,,
,valkyrie2,Helicopter,,,Valkyrie MOD.0,Bell,UH-1Y Venom,,,
,volatus,Helicopter,,,Volatus,Airbus,H160,,,
,conada2,Helicopter,,,Weaponized Conada,McDonnell Douglas,MD Explorer,,,
,freight,Trains,,,Freight Train,,,,,
,freight2,Trains,,,Freight Train (The Cluckin' Bell Farm Raid),,,,,
,freightcar,Trains,,,Freight Train (Well Car),,,,,
,freightcar2,Trains,,,Freight Train (Well Car 2),,,,,
,freightcont1,Trains,,,Freight Train (Container Car 1),,,,,
,freightcont2,Trains,,,Freight Train (Container Car 2),,,,,
,freightgrain,Trains,,,Freight Train (Grain Car),,,,,
,tankercar,Trains,,,Freight Train (Tanker Car),,,,,
,metrotrain,Trains,,,Metrotrain,,,,,